<beans:beans xmlns="http://www.springframework.org/schema/security"
	xmlns:beans="http://www.springframework.org/schema/beans" 
	xmlns:xsi="http://www.w3.org/2001/XMLSchema-instance"
	xsi:schemaLocation="http://www.springframework.org/schema/beans
	http://www.springframework.org/schema/beans/spring-beans-3.0.xsd
	http://www.springframework.org/schema/security
	http://www.springframework.org/schema/security/spring-security-4.1.xsd">

	<beans:bean name="bcryptEncoder" class="org.springframework.security.crypto.bcrypt.BCryptPasswordEncoder"/>

	<http auto-config="true" use-expressions = "true">
		<intercept-url pattern="/success**" access="hasRole('ROLE_USER')" />
		<form-login 
		    login-page="/login" 
		    default-target-url="/success"
			authentication-failure-url="/login?error" 
			username-parameter="username"
			password-parameter="password" />
		<logout logout-success-url="/login?logout"/>
		<!-- enable csrf protection -->
		<csrf/>
	</http>

	<authentication-manager>
		<authentication-provider>
			<password-encoder ref="bcryptEncoder"/>
		  <user-service>
			<user name="raluca" password="$2a$06$5t7sn92jIBgwqUQyzSUXLOCySXiBUTsru16JZ88guIlF9v9EC56LO" authorities="ROLE_USER" />
		  </user-service>
		</authentication-provider>
	</authentication-manager>

</beans:beans>